{"cameraMode":{"drawMode":0,"name":"Shaded","section":"Shading Mode"},"sceneLighting":false,"audioPlay":false,"sceneViewState":{"showFog":true,"showMaterialUpdate":true,"showSkybox":false,"showFlares":true,"showImageEffects":true,"showParticleSystems":true},"in2DMode":false,"pivot":{"x":0.08405852317810059,"y":-0.19968175888061524,"z":0.09995535016059876},"rotation":{"x":0.13347682356834413,"y":-0.7980231642723084,"z":0.19174961745738984,"w":0.555507242679596},"size":2.6792211532592775,"orthographic":false}