{"cameraMode":{"drawMode":0,"name":"Shaded","section":"Shading Mode"},"sceneLighting":false,"audioPlay":false,"sceneViewState":{"showFog":true,"showMaterialUpdate":true,"showSkybox":false,"showFlares":true,"showImageEffects":true,"showParticleSystems":true},"in2DMode":false,"pivot":{"x":0.14590336382389069,"y":0.24572116136550904,"z":-0.22174930572509767},"rotation":{"x":0.03406200185418129,"y":-0.961460292339325,"z":0.13971881568431855,"w":0.23437489569187165},"size":4.662923812866211,"orthographic":false}